{
  "winners": [
    7
  ],
  "scored_2048": [
    [
      5,
      "exp_5_bigger_bird",
      0,
      258.1003761291504
    ],
    [
      6,
      "exp_6_deepseek_pbs",
      0,
      108.20084381103516
    ],
    [
      7,
      "exp_7_layer_adaptive",
      0.8349514563106796,
      104.99752283096313
    ],
    [
      10,
      "exp_10_gqa_sparse",
      0.7956989247311828,
      105.33156108856201
    ]
  ]
}